platform	auth_lane	auth	free_dofollow	badge_needed	submit_url	master	notes
Neeed	cloud_email	email+password	yes	yes	https://neeed.directory/	yes	Proven multi-product live
Fazier	cloud_email	email+password	yes	yes	https://fazier.com/	yes	
Wired Business	cloud_form	email_on_form	yes	yes	https://wired.business/	yes	No account; replace cookie-banner covers
TheSaaSDir	cloud_form	no_account	yes	yes	https://thesaasdir.com/submit	yes	Free with badge; exact vendor HTML
Launch Llama	cloud_form	email_on_form	yes	yes	https://tools.launchllama.co/submit	yes	Free may be 1 product/account
Twelve Tools	cloud_email	email+password	yes	yes	https://twelve.tools/submit-your-tool	yes	
Sumodir	cloud_email	email+password	yes	yes	https://sumodir.com/submit	yes	
SaaSBison	cloud_email	email+password	yes	yes	https://saasbison.com/submit	yes	
DodoDirectory	cloud_email	email+password	yes	yes	https://dododirectory.com/submit	yes	
Toolpilot	cloud_form	jotform+backlink	yes	yes	https://www.toolpilot.ai/pages/submit-your-ai-tool	yes	Footer link https://www.toolpilot.ai/ required; reply vendor after live
AI NavHub	cloud_form	form_post	yes	no	https://ainavhub.com/submit	yes	
Launching Next	cloud_form	form_no_account	yes	no	https://launchingnext.com/submit/	yes	Long review queue (~4 months)
Turbo0	cloud_email	email+password	yes_after_badge	yes	https://turbo0.com/submit	yes	Badge unlocks free dofollow
Web Review	cloud_email	email+password	yes	yes	https://web-review.com/submit	trial	Badge OK; Free Submit button flaky — retry per product
HUNT0	cloud_email	email+password	yes	no	https://hunt0.com/submit	trial	Free Community Queue $0 after verify
What Launched Today	cloud_email	email+password	yes	no	https://whatlaunched.today	trial	Submit after email verify
Smol Launch	cloud_email	email+password	yes	no	https://smollaunch.com/signup	trial	Submit after email verify
Startup Fame	backlinks_google	Google SSO	yes	yes	https://startupfa.me/	yes	Backlinks lane only
Nick Launches	backlinks_google	Google SSO	yes	yes	https://nicklaunches.com/submit	yes	Badge href = product listing URL + UTM
Navs.site	backlinks_google	Google SSO	yes	often	https://navs.site/	yes	May 404 until republish
Uneed	backlinks_google	Google SSO	yes	no	https://www.uneed.best/submit-a-tool	yes	Free queue months; skip paid
TinyLaunch	backlinks_google	Google SSO	yes	no	https://www.tinylaunch.com/	yes	Support upvotes + launch-day routine
PitchWall	backlinks_google	Google SSO	yes	no	https://pitchwall.co/submit	yes	Under Review can take 30+ days
InstantLaunch	backlinks_google	Google SSO	yes_after_badge	yes	https://www.instantlaunch.xyz/submit?tier=free	yes	
Shipybara	backlinks_google	Google SSO	no_free_slots	no	https://shipybara.com/	no	Park until Free slots reopen; no paid
Boost Domain Rating	cloud_email	email+password	if_DR_ge_20	yes	https://boostdomainrating.com/	conditional	Park if product DR < 20
Tiny Startups	manual_x	form+X_post	yes	no	https://www.tinystartups.com/submit	no	Needs user X post — not cloud
MicroLaunch	backlinks_google	Google SSO	no	—	https://microlaunch.net/	no	Pro credit only
SaaSHub	blocked	form	—	no	https://saashub.com/services/submit	no	submitting address blocked
AlternativeTo	blocked	Google	—	no	https://alternativeto.net/	no	AT-SU-25
Product Hunt	manual_personal	personal Google	yes	no	https://www.producthunt.com/	no	
