product,platform,status,detail,url_attempted,timestamp
KitchenCrew,Twelve Tools,blocked_badge,Free tier requires twelve.tools badge on product homepage/footer before listing proceeds,https://twelve.tools/submit-your-tool?step=badge,2026-09-28T16:06:37+00:00
GoldCrew,Twelve Tools,blocked_badge,Free tier requires twelve.tools badge on product homepage/footer before listing proceeds,https://twelve.tools/submit-your-tool?step=badge,2026-09-28T16:06:37+00:00
KitchenCrew,Sumodir,blocked_badge,Free listing requires Featured on SumoDir badge/backlink on product site,https://sumodir.com/submit,2026-09-28T16:06:37+00:00
GoldCrew,Sumodir,blocked_badge,Free listing requires Featured on SumoDir badge/backlink on product site,https://sumodir.com/submit,2026-09-28T16:06:37+00:00
KitchenCrew,SaaSBison,blocked_badge,Free listing requires Featured on SaaSBison badge; automated verification,https://saasbison.com/submit,2026-09-28T16:06:37+00:00
GoldCrew,SaaSBison,blocked_badge,Free listing requires Featured on SaaSBison badge; automated verification,https://saasbison.com/submit,2026-09-28T16:06:37+00:00
KitchenCrew,DodoDirectory,blocked_badge,Free listing requires permanent Featured on DodoDirectory badge with monitoring,https://dododirectory.com/submit,2026-09-28T16:06:37+00:00
GoldCrew,DodoDirectory,blocked_badge,Free listing requires permanent Featured on DodoDirectory badge with monitoring,https://dododirectory.com/submit,2026-09-28T16:06:37+00:00
KitchenCrew,Toolpilot,blocked_badge,Free listing requires ToolPilot backlink/badge on product site,https://www.toolpilot.ai/pages/submit-your-ai-tool,2026-09-28T16:06:37+00:00
GoldCrew,Toolpilot,blocked_badge,Free listing requires ToolPilot backlink/badge on product site,https://www.toolpilot.ai/pages/submit-your-ai-tool,2026-09-28T16:06:37+00:00
KitchenCrew,AI NavHub,pending_review,Free email form submitted; page returned success (standard review queue),https://ainavhub.com/submit,2026-09-28T16:06:37+00:00
GoldCrew,AI NavHub,pending_review,Free email form submitted; page returned success (standard review queue),https://ainavhub.com/submit,2026-09-28T16:06:37+00:00
KitchenCrew,Launching Next,pending_review,Free submit accepted during GUI batch; ~4 month queue stated on confirmation,https://www.launchingnext.com/submit/,2026-09-28T16:06:37+00:00
GoldCrew,Launching Next,pending_review,Free submit accepted during GUI batch; ~4 month queue stated on confirmation,https://www.launchingnext.com/submit/,2026-09-28T16:06:37+00:00
KitchenCrew,Turbo0,needs_manual,"Submit requires account at turbo0.com/auth; email signup/login not completed in headless batch (Google/GitHub shown, skipped)",https://turbo0.com/auth/login?callbackUrl=%2Fsubmit,2026-09-28T16:06:37+00:00
GoldCrew,Turbo0,needs_manual,"Submit requires account at turbo0.com/auth; email signup/login not completed in headless batch (Google/GitHub shown, skipped)",https://turbo0.com/auth/login?callbackUrl=%2Fsubmit,2026-09-28T16:06:37+00:00
KitchenCrew,Launch Llama,error,TLS certificate mismatch (ERR_CERT_COMMON_NAME_INVALID) on launchllama.com/submit from batch VM,https://launchllama.com/submit,2026-09-28T16:06:37+00:00
GoldCrew,Launch Llama,error,TLS certificate mismatch (ERR_CERT_COMMON_NAME_INVALID) on launchllama.com/submit from batch VM,https://launchllama.com/submit,2026-09-28T16:06:37+00:00
KitchenCrew,Web Review,error,Trial platform unreachable (ERR_CONNECTION_CLOSED) from batch VM,https://webreview.ai/,2026-09-28T16:06:37+00:00
GoldCrew,Web Review,error,Trial platform unreachable (ERR_CONNECTION_CLOSED) from batch VM,https://webreview.ai/,2026-09-28T16:06:37+00:00
KitchenCrew,HUNT0,blocked_badge,Free launch path requires verified HUNT0 badge on product site,https://hunt0.com/submit,2026-09-28T16:06:37+00:00
GoldCrew,HUNT0,blocked_badge,Free launch path requires verified HUNT0 badge on product site,https://hunt0.com/submit,2026-09-28T16:06:37+00:00
KitchenCrew,What Launched Today,blocked_email_verify,Email signup created account; inbox verification required before dashboard submit (Google SSO skipped),https://whatlaunched.today/auth/signin?returnUrl=%2Fdashboard%2Fsubmit,2026-09-28T16:06:37+00:00
GoldCrew,What Launched Today,blocked_email_verify,Email signup created account; inbox verification required before dashboard submit (Google SSO skipped),https://whatlaunched.today/auth/signin?returnUrl=%2Fdashboard%2Fsubmit,2026-09-28T16:06:37+00:00
KitchenCrew,Smol Launch,blocked_badge,Free launch requires Smol Launch badge verification on product site before queue,https://smollaunch.com/submit,2026-09-28T16:06:37+00:00
GoldCrew,Smol Launch,blocked_badge,Free launch requires Smol Launch badge verification on product site before queue,https://smollaunch.com/submit,2026-09-28T16:06:37+00:00
